sale_id,sale_date,customer_id,product,category,quantity,unit_price,status,channel,region,brand,cost,list_price,sales_amount,total_cost,profit,profit_margin
S0001,2026-02-28,C046,鼠标,外设,2,94.05,paid,线上,华中,星科,45,99,188.1,90,98.1,52.15
S0002,2026-01-24,C034,耳机,音频,3,399.0,paid,线上,华北,声浪,240,399,1197.0,720,477.0,39.85
S0003,2026-03-05,C042,耳机,音频,2,399.0,paid,线上,华南,声浪,240,399,798.0,480,318.0,39.85
S0004,2026-05-13,C011,耳机,音频,4,399.0,paid,线上,华中,声浪,240,399,1596.0,960,636.0,39.85
S0005,2026-04-21,C042,鼠标,外设,4,89.1,paid,线下,华南,星科,45,99,356.4,180,176.4,49.49
S0007,2026-06-14,C120,机械键盘,外设,3,299.0,paid,线上,华东,雷鸟,180,299,897.0,540,357.0,39.8
S0008,2026-06-10,C063,鼠标,外设,2,89.1,paid,线上,华东,星科,45,99,178.2,90,88.2,49.49
S0009,2026-04-10,C028,音箱,音频,4,499.0,paid,线上,华东,声浪,320,499,1996.0,1280,716.0,35.87
S0010,2026-03-16,C071,耳机,音频,1,399.0,paid,线上,华中,声浪,240,399,399.0,240,159.0,39.85
S0011,2026-02-04,C096,显示器,显示设备,1,1299.0,paid,线上,华北,视界,900,1299,1299.0,900,399.0,30.72
S0012,2026-02-15,C004,耳机,音频,3,399.0,paid,线上,华东,声浪,240,399,1197.0,720,477.0,39.85
S0013,2026-02-20,C069,显示器,显示设备,1,1299.0,paid,线上,华南,视界,900,1299,1299.0,900,399.0,30.72
S0014,2026-05-21,C047,显示器,显示设备,2,1299.0,paid,线下,西南,视界,900,1299,2598.0,1800,798.0,30.72
S0015,2026-06-13,C079,鼠标,外设,4,99.0,paid,线上,华南,星科,45,99,396.0,180,216.0,54.55
S0016,2026-01-20,C118,鼠标,外设,1,89.1,paid,线下,华东,星科,45,99,89.1,45,44.1,49.49
S0017,2026-06-10,C075,鼠标,外设,2,89.1,paid,线上,华中,星科,45,99,178.2,90,88.2,49.49
S0019,2026-01-13,C060,鼠标,外设,4,99.0,paid,线下,华北,星科,45,99,396.0,180,216.0,54.55
S0020,2026-03-24,C090,显示器,显示设备,1,1169.1,paid,线上,华北,视界,900,1299,1169.1,900,269.1,23.02
S0021,2026-05-21,C101,鼠标,外设,1,94.05,paid,线上,华东,星科,45,99,94.05,45,49.05,52.15
S0022,2026-03-27,C028,机械键盘,外设,1,299.0,paid,线上,华东,雷鸟,180,299,299.0,180,119.0,39.8
S0023,2026-03-28,C070,投影仪,显示设备,1,2249.1,paid,线上,西南,光影,1800,2499,2249.1,1800,449.1,19.97
S0024,2026-01-02,C109,麦克风,音频,2,359.0,paid,线下,华南,星科,210,359,718.0,420,298.0,41.5
S0025,2026-05-21,C004,显示器,显示设备,1,1299.0,paid,线上,华东,视界,900,1299,1299.0,900,399.0,30.72
S0026,2026-02-13,C119,鼠标,外设,4,99.0,paid,线上,华南,星科,45,99,396.0,180,216.0,54.55
S0027,2026-03-12,C043,鼠标,外设,3,89.1,paid,线下,华东,星科,45,99,267.3,135,132.3,49.49
S0028,2026-01-31,C080,摄像头,外设,1,299.0,paid,线上,华东,视界,150,299,299.0,150,149.0,49.83
S0029,2026-04-16,C022,机械键盘,外设,2,269.1,paid,线上,华东,雷鸟,180,299,538.2,360,178.2,33.11
S0031,2026-03-24,C031,机械键盘,外设,3,284.05,paid,线下,华中,雷鸟,180,299,852.15,540,312.15,36.63
S0032,2026-06-23,C098,投影仪,显示设备,2,2499.0,paid,线下,华东,光影,1800,2499,4998.0,3600,1398.0,27.97
S0033,2026-06-01,C051,鼠标,外设,1,103.95,paid,线上,华东,星科,45,99,103.95,45,58.95,56.71
S0034,2026-02-15,C037,耳机,音频,2,359.1,paid,线下,华中,声浪,240,399,718.2,480,238.2,33.17
S0035,2026-06-10,C039,投影仪,显示设备,1,2499.0,paid,线下,华南,光影,1800,2499,2499.0,1800,699.0,27.97
S0036,2026-01-25,C046,麦克风,音频,1,376.95,paid,线上,华中,星科,210,359,376.95,210,166.95,44.29
S0037,2026-06-30,C016,麦克风,音频,2,359.0,paid,线上,华东,星科,210,359,718.0,420,298.0,41.5
S0038,2026-05-23,C010,机械键盘,外设,3,284.05,paid,线下,华中,雷鸟,180,299,852.15,540,312.15,36.63
S0039,2026-03-04,C109,显示器,显示设备,3,1299.0,paid,线下,华北,视界,900,1299,3897.0,2700,1197.0,30.72
S0041,2026-03-12,C024,鼠标,外设,4,99.0,paid,线上,华南,星科,45,99,396.0,180,216.0,54.55
S0042,2026-02-18,C045,显示器,显示设备,1,1234.05,paid,线上,西南,视界,900,1299,1234.05,900,334.05,27.07
S0043,2026-06-24,C089,耳机,音频,3,399.0,paid,线上,华中,声浪,240,399,1197.0,720,477.0,39.85
S0044,2026-03-14,C034,鼠标,外设,1,103.95,paid,线下,华东,星科,45,99,103.95,45,58.95,56.71
S0046,2026-05-27,C051,机械键盘,外设,1,269.1,paid,线上,华东,雷鸟,180,299,269.1,180,89.1,33.11
S0047,2026-01-05,C099,鼠标,外设,4,99.0,paid,线上,华东,星科,45,99,396.0,180,216.0,54.55
S0048,2026-06-02,C071,鼠标,外设,3,89.1,paid,线上,华中,星科,45,99,267.3,135,132.3,49.49
S0049,2026-05-01,C071,音箱,音频,3,474.05,paid,线上,华中,声浪,320,499,1422.15,960,462.15,32.5
S0051,2026-05-05,C047,机械键盘,外设,3,313.95,paid,线上,西南,雷鸟,180,299,941.85,540,401.85,42.67
S0052,2026-02-08,C058,鼠标,外设,4,99.0,paid,线上,西南,星科,45,99,396.0,180,216.0,54.55
S0053,2026-06-23,C002,耳机,音频,1,379.05,paid,线下,华东,声浪,240,399,379.05,240,139.05,36.68
S0054,2026-03-07,C062,鼠标,外设,2,99.0,paid,线上,华北,星科,45,99,198.0,90,108.0,54.55
S0055,2026-05-08,C095,摄像头,外设,4,313.95,paid,线上,华中,视界,150,299,1255.8,600,655.8,52.22
S0056,2026-06-21,C095,麦克风,音频,2,323.1,paid,线下,华北,星科,210,359,646.2,420,226.2,35.0
S0057,2026-06-20,C113,鼠标,外设,2,94.05,paid,线下,华南,星科,45,99,188.1,90,98.1,52.15
S0059,2026-01-07,C071,机械键盘,外设,1,299.0,paid,线上,华北,雷鸟,180,299,299.0,180,119.0,39.8
S0060,2026-06-25,C021,音箱,音频,2,449.1,paid,线下,华南,声浪,320,499,898.2,640,258.2,28.75
S0061,2026-04-21,C010,显示器,显示设备,4,1363.95,paid,线下,华北,视界,900,1299,5455.8,3600,1855.8,34.02
S0063,2026-05-02,C106,摄像头,外设,3,299.0,paid,线上,华东,视界,150,299,897.0,450,447.0,49.83
S0065,2026-06-19,C101,机械键盘,外设,1,299.0,paid,线下,华南,雷鸟,180,299,299.0,180,119.0,39.8
S0066,2026-02-13,C036,显示器,显示设备,3,1299.0,paid,线上,华东,视界,900,1299,3897.0,2700,1197.0,30.72
S0067,2026-02-19,C051,显示器,显示设备,4,1299.0,paid,线上,华北,视界,900,1299,5196.0,3600,1596.0,30.72
S0069,2026-06-02,C109,音箱,音频,1,499.0,paid,线上,华东,声浪,320,499,499.0,320,179.0,35.87
S0071,2026-01-02,C082,机械键盘,外设,3,269.1,paid,线上,华东,雷鸟,180,299,807.3,540,267.3,33.11
S0072,2026-06-06,C101,摄像头,外设,2,269.1,paid,线上,华东,视界,150,299,538.2,300,238.2,44.26
S0073,2026-04-13,C077,鼠标,外设,4,99.0,paid,线下,华东,星科,45,99,396.0,180,216.0,54.55
S0076,2026-03-28,C087,鼠标,外设,2,99.0,paid,线下,西南,星科,45,99,198.0,90,108.0,54.55
S0077,2026-03-13,C085,鼠标,外设,2,89.1,paid,线上,华南,星科,45,99,178.2,90,88.2,49.49
S0079,2026-06-20,C027,机械键盘,外设,2,299.0,paid,线下,华南,雷鸟,180,299,598.0,360,238.0,39.8
S0080,2026-02-06,C067,显示器,显示设备,1,1234.05,paid,线上,华南,视界,900,1299,1234.05,900,334.05,27.07
S0082,2026-03-17,C110,鼠标,外设,3,99.0,paid,线上,华南,星科,45,99,297.0,135,162.0,54.55
S0083,2026-05-21,C013,鼠标,外设,2,99.0,paid,线上,华中,星科,45,99,198.0,90,108.0,54.55
S0084,2026-06-21,C036,摄像头,外设,3,299.0,paid,线上,华南,视界,150,299,897.0,450,447.0,49.83
S0085,2026-05-31,C017,投影仪,显示设备,1,2499.0,paid,线上,华北,光影,1800,2499,2499.0,1800,699.0,27.97
S0086,2026-04-29,C055,摄像头,外设,4,269.1,paid,线上,华南,视界,150,299,1076.4,600,476.4,44.26
S0087,2026-03-09,C039,麦克风,音频,4,359.0,paid,线上,华中,星科,210,359,1436.0,840,596.0,41.5
S0088,2026-03-17,C030,音箱,音频,3,449.1,paid,线上,华东,声浪,320,499,1347.3,960,387.3,28.75
S0090,2026-06-14,C020,鼠标,外设,2,99.0,paid,线上,华中,星科,45,99,198.0,90,108.0,54.55
S0091,2026-03-31,C096,机械键盘,外设,1,299.0,paid,线上,华中,雷鸟,180,299,299.0,180,119.0,39.8
S0092,2026-03-13,C094,音箱,音频,3,499.0,paid,线上,华北,声浪,320,499,1497.0,960,537.0,35.87
S0094,2026-04-23,C090,鼠标,外设,4,94.05,paid,线上,华南,星科,45,99,376.2,180,196.2,52.15
S0095,2026-03-07,C044,耳机,音频,2,399.0,paid,线下,华南,声浪,240,399,798.0,480,318.0,39.85
S0096,2026-04-07,C081,耳机,音频,4,418.95,paid,线上,华北,声浪,240,399,1675.8,960,715.8,42.71
S0097,2026-05-04,C112,显示器,显示设备,3,1169.1,paid,线上,华南,视界,900,1299,3507.3,2700,807.3,23.02
S0098,2026-02-17,C111,显示器,显示设备,1,1299.0,paid,线上,华东,视界,900,1299,1299.0,900,399.0,30.72
S0100,2026-01-23,C114,麦克风,音频,3,359.0,paid,线上,华东,星科,210,359,1077.0,630,447.0,41.5
S0101,2026-04-15,C039,耳机,音频,1,399.0,paid,线上,华南,声浪,240,399,399.0,240,159.0,39.85
S0103,2026-06-23,C046,投影仪,显示设备,1,2499.0,paid,线上,华东,光影,1800,2499,2499.0,1800,699.0,27.97
S0104,2026-06-30,C036,音箱,音频,1,499.0,paid,线上,华东,声浪,320,499,499.0,320,179.0,35.87
S0105,2026-04-14,C109,机械键盘,外设,1,269.1,paid,线下,华东,雷鸟,180,299,269.1,180,89.1,33.11
S0107,2026-01-29,C104,机械键盘,外设,2,269.1,paid,线上,华东,雷鸟,180,299,538.2,360,178.2,33.11
S0108,2026-02-12,C046,鼠标,外设,2,89.1,paid,线上,华南,星科,45,99,178.2,90,88.2,49.49
S0109,2026-02-15,C042,鼠标,外设,3,99.0,paid,线上,华东,星科,45,99,297.0,135,162.0,54.55
S0110,2026-01-27,C073,麦克风,音频,2,341.05,paid,线上,华南,星科,210,359,682.1,420,262.1,38.43
S0115,2026-03-23,C099,机械键盘,外设,2,299.0,paid,线上,西南,雷鸟,180,299,598.0,360,238.0,39.8
S0116,2026-04-15,C037,耳机,音频,2,399.0,paid,线上,华中,声浪,240,399,798.0,480,318.0,39.85
S0118,2026-03-04,C038,摄像头,外设,2,284.05,paid,线上,华南,视界,150,299,568.1,300,268.1,47.19
S0119,2026-02-03,C012,摄像头,外设,1,269.1,paid,线上,华南,视界,150,299,269.1,150,119.1,44.26
S0120,2026-01-17,C015,鼠标,外设,2,99.0,paid,线上,华南,星科,45,99,198.0,90,108.0,54.55
S0121,2026-03-28,C026,摄像头,外设,3,299.0,paid,线上,华北,视界,150,299,897.0,450,447.0,49.83
S0123,2026-02-20,C014,耳机,音频,3,399.0,paid,线上,华东,声浪,240,399,1197.0,720,477.0,39.85
S0124,2026-05-24,C108,耳机,音频,3,359.1,paid,线下,华北,声浪,240,399,1077.3,720,357.3,33.17
S0125,2026-06-12,C115,耳机,音频,3,359.1,paid,线上,华中,声浪,240,399,1077.3,720,357.3,33.17
S0126,2026-05-15,C018,音箱,音频,1,499.0,paid,线上,华中,声浪,320,499,499.0,320,179.0,35.87
S0127,2026-03-23,C014,显示器,显示设备,3,1363.95,paid,线上,华中,视界,900,1299,4091.85,2700,1391.85,34.02
S0128,2026-03-02,C032,投影仪,显示设备,4,2499.0,paid,线上,华中,光影,1800,2499,9996.0,7200,2796.0,27.97
S0129,2026-03-10,C060,耳机,音频,4,399.0,paid,线下,华东,声浪,240,399,1596.0,960,636.0,39.85
S0130,2026-02-22,C074,麦克风,音频,1,359.0,paid,线上,西南,星科,210,359,359.0,210,149.0,41.5
S0131,2026-01-18,C001,摄像头,外设,4,284.05,paid,线下,华东,视界,150,299,1136.2,600,536.2,47.19
S0132,2026-05-29,C069,音箱,音频,1,523.95,paid,线下,华中,声浪,320,499,523.95,320,203.95,38.93
S0133,2026-01-24,C085,耳机,音频,1,359.1,paid,线上,西南,声浪,240,399,359.1,240,119.1,33.17
S0134,2026-02-23,C095,耳机,音频,2,399.0,paid,线下,华南,声浪,240,399,798.0,480,318.0,39.85
S0135,2026-03-20,C106,投影仪,显示设备,1,2499.0,paid,线上,华南,光影,1800,2499,2499.0,1800,699.0,27.97
S0137,2026-04-12,C091,机械键盘,外设,3,269.1,paid,线上,华南,雷鸟,180,299,807.3,540,267.3,33.11
S0138,2026-05-25,C020,耳机,音频,1,359.1,paid,线上,华中,声浪,240,399,359.1,240,119.1,33.17
S0139,2026-06-12,C095,摄像头,外设,4,299.0,paid,线下,西南,视界,150,299,1196.0,600,596.0,49.83
S0140,2026-03-31,C002,鼠标,外设,2,99.0,paid,线下,华北,星科,45,99,198.0,90,108.0,54.55
S0141,2026-05-01,C079,摄像头,外设,3,299.0,paid,线下,西南,视界,150,299,897.0,450,447.0,49.83
S0142,2026-04-05,C073,鼠标,外设,2,89.1,paid,线上,华中,星科,45,99,178.2,90,88.2,49.49
S0143,2026-01-22,C015,鼠标,外设,1,99.0,paid,线下,华东,星科,45,99,99.0,45,54.0,54.55
S0144,2026-06-23,C072,摄像头,外设,1,299.0,paid,线上,华北,视界,150,299,299.0,150,149.0,49.83
S0145,2026-04-05,C031,机械键盘,外设,1,299.0,paid,线上,华东,雷鸟,180,299,299.0,180,119.0,39.8
S0146,2026-02-25,C017,机械键盘,外设,2,299.0,paid,线下,华中,雷鸟,180,299,598.0,360,238.0,39.8
S0148,2026-05-20,C099,摄像头,外设,1,299.0,paid,线上,华南,视界,150,299,299.0,150,149.0,49.83
S0149,2026-06-09,C102,鼠标,外设,3,99.0,paid,线上,华中,星科,45,99,297.0,135,162.0,54.55
S0150,2026-04-13,C097,显示器,显示设备,4,1299.0,paid,线上,华南,视界,900,1299,5196.0,3600,1596.0,30.72
S0151,2026-05-24,C019,耳机,音频,1,359.1,paid,线上,华东,声浪,240,399,359.1,240,119.1,33.17
S0152,2026-03-08,C103,鼠标,外设,4,89.1,paid,线上,华南,星科,45,99,356.4,180,176.4,49.49
S0153,2026-01-21,C095,摄像头,外设,3,299.0,paid,线下,华南,视界,150,299,897.0,450,447.0,49.83
S0154,2026-02-08,C117,耳机,音频,1,379.05,paid,线上,华南,声浪,240,399,379.05,240,139.05,36.68
S0155,2026-01-25,C003,机械键盘,外设,1,299.0,paid,线下,华南,雷鸟,180,299,299.0,180,119.0,39.8
S0156,2026-06-20,C010,音箱,音频,1,449.1,paid,线下,华南,声浪,320,499,449.1,320,129.1,28.75
S0157,2026-03-11,C116,机械键盘,外设,4,284.05,paid,线上,西南,雷鸟,180,299,1136.2,720,416.2,36.63
S0158,2026-01-15,C097,鼠标,外设,3,99.0,paid,线上,西南,星科,45,99,297.0,135,162.0,54.55
S0159,2026-05-27,C043,鼠标,外设,3,99.0,paid,线下,华东,星科,45,99,297.0,135,162.0,54.55
S0160,2026-01-14,C073,摄像头,外设,2,284.05,paid,线上,华东,视界,150,299,568.1,300,268.1,47.19
S0161,2026-01-23,C008,摄像头,外设,3,269.1,paid,线上,华南,视界,150,299,807.3,450,357.3,44.26
S0162,2026-02-03,C079,显示器,显示设备,3,1363.95,paid,线下,华南,视界,900,1299,4091.85,2700,1391.85,34.02
S0163,2026-03-02,C038,麦克风,音频,1,376.95,paid,线下,华中,星科,210,359,376.95,210,166.95,44.29
S0164,2026-01-19,C054,摄像头,外设,2,299.0,paid,线下,华东,视界,150,299,598.0,300,298.0,49.83
S0165,2026-03-03,C002,耳机,音频,2,399.0,paid,线上,华南,声浪,240,399,798.0,480,318.0,39.85
S0166,2026-06-30,C092,投影仪,显示设备,4,2499.0,paid,线上,华北,光影,1800,2499,9996.0,7200,2796.0,27.97
S0167,2026-04-21,C004,鼠标,外设,2,89.1,paid,线下,华东,星科,45,99,178.2,90,88.2,49.49
S0168,2026-02-27,C056,鼠标,外设,1,99.0,paid,线上,华东,星科,45,99,99.0,45,54.0,54.55
S0169,2026-05-22,C088,鼠标,外设,2,99.0,paid,线上,华北,星科,45,99,198.0,90,108.0,54.55
S0170,2026-05-05,C044,摄像头,外设,2,299.0,paid,线上,华北,视界,150,299,598.0,300,298.0,49.83
S0171,2026-03-31,C114,机械键盘,外设,1,299.0,paid,线上,华东,雷鸟,180,299,299.0,180,119.0,39.8
S0172,2026-03-30,C087,鼠标,外设,3,103.95,paid,线下,华东,星科,45,99,311.85,135,176.85,56.71
S0173,2026-02-11,C049,麦克风,音频,4,323.1,paid,线上,华南,星科,210,359,1292.4,840,452.4,35.0
S0177,2026-04-29,C106,摄像头,外设,3,284.05,paid,线上,华东,视界,150,299,852.15,450,402.15,47.19
S0178,2026-01-08,C080,麦克风,音频,4,359.0,paid,线上,华北,星科,210,359,1436.0,840,596.0,41.5
S0179,2026-04-23,C084,麦克风,音频,2,359.0,paid,线上,华东,星科,210,359,718.0,420,298.0,41.5
S0180,2026-03-28,C110,音箱,音频,1,499.0,paid,线下,华东,声浪,320,499,499.0,320,179.0,35.87
S0181,2026-05-04,C028,摄像头,外设,4,269.1,paid,线下,华南,视界,150,299,1076.4,600,476.4,44.26
S0183,2026-06-06,C077,机械键盘,外设,2,284.05,paid,线下,华中,雷鸟,180,299,568.1,360,208.1,36.63
S0185,2026-03-31,C087,鼠标,外设,3,89.1,paid,线上,西南,星科,45,99,267.3,135,132.3,49.49
S0186,2026-02-15,C103,投影仪,显示设备,3,2499.0,paid,线上,华南,光影,1800,2499,7497.0,5400,2097.0,27.97
S0187,2026-02-06,C049,投影仪,显示设备,1,2374.05,paid,线上,华中,光影,1800,2499,2374.05,1800,574.05,24.18
S0190,2026-04-09,C066,显示器,显示设备,4,1299.0,paid,线上,华东,视界,900,1299,5196.0,3600,1596.0,30.72
S0192,2026-05-22,C084,机械键盘,外设,2,299.0,paid,线上,华东,雷鸟,180,299,598.0,360,238.0,39.8
S0193,2026-03-28,C105,麦克风,音频,1,359.0,paid,线下,西南,星科,210,359,359.0,210,149.0,41.5
S0195,2026-01-26,C081,摄像头,外设,4,299.0,paid,线上,华东,视界,150,299,1196.0,600,596.0,49.83
S0196,2026-04-06,C082,麦克风,音频,1,359.0,paid,线上,华北,星科,210,359,359.0,210,149.0,41.5
S0197,2026-04-24,C027,机械键盘,外设,1,299.0,paid,线上,西南,雷鸟,180,299,299.0,180,119.0,39.8
S0198,2026-06-20,C002,音箱,音频,4,499.0,paid,线上,华中,声浪,320,499,1996.0,1280,716.0,35.87
S0199,2026-01-13,C090,鼠标,外设,4,89.1,paid,线下,西南,星科,45,99,356.4,180,176.4,49.49
S0200,2026-02-13,C087,机械键盘,外设,1,299.0,paid,线上,华北,雷鸟,180,299,299.0,180,119.0,39.8
S0201,2026-06-22,C009,耳机,音频,4,359.1,paid,线上,华东,声浪,240,399,1436.4,960,476.4,33.17
S0202,2026-03-03,C016,鼠标,外设,4,99.0,paid,线下,西南,星科,45,99,396.0,180,216.0,54.55
S0203,2026-01-27,C099,机械键盘,外设,4,269.1,paid,线上,华北,雷鸟,180,299,1076.4,720,356.4,33.11
S0205,2026-04-16,C040,耳机,音频,4,379.05,paid,线上,华南,声浪,240,399,1516.2,960,556.2,36.68
S0207,2026-02-09,C090,麦克风,音频,4,341.05,paid,线上,华中,星科,210,359,1364.2,840,524.2,38.43
S0209,2026-04-27,C093,鼠标,外设,2,99.0,paid,线上,华南,星科,45,99,198.0,90,108.0,54.55
S0210,2026-03-11,C108,摄像头,外设,1,299.0,paid,线下,华东,视界,150,299,299.0,150,149.0,49.83
S0211,2026-03-01,C071,耳机,音频,4,359.1,paid,线上,华东,声浪,240,399,1436.4,960,476.4,33.17
S0212,2026-04-08,C027,鼠标,外设,2,99.0,paid,线上,华南,星科,45,99,198.0,90,108.0,54.55
S0213,2026-01-15,C105,音箱,音频,4,499.0,paid,线上,华北,声浪,320,499,1996.0,1280,716.0,35.87
S0214,2026-06-11,C033,耳机,音频,4,379.05,paid,线上,华东,声浪,240,399,1516.2,960,556.2,36.68
S0215,2026-06-21,C014,显示器,显示设备,3,1299.0,paid,线下,华北,视界,900,1299,3897.0,2700,1197.0,30.72
S0216,2026-02-08,C120,耳机,音频,4,359.1,paid,线上,华东,声浪,240,399,1436.4,960,476.4,33.17
S0217,2026-02-20,C021,鼠标,外设,3,99.0,paid,线上,华东,星科,45,99,297.0,135,162.0,54.55
S0218,2026-04-03,C101,耳机,音频,3,418.95,paid,线上,华北,声浪,240,399,1256.85,720,536.85,42.71
S0219,2026-03-18,C069,投影仪,显示设备,4,2499.0,paid,线下,华东,光影,1800,2499,9996.0,7200,2796.0,27.97
S0220,2026-06-29,C057,麦克风,音频,2,359.0,paid,线上,华东,星科,210,359,718.0,420,298.0,41.5
S0223,2026-01-24,C094,麦克风,音频,1,359.0,paid,线下,华北,星科,210,359,359.0,210,149.0,41.5
S0224,2026-02-24,C068,机械键盘,外设,3,269.1,paid,线下,华东,雷鸟,180,299,807.3,540,267.3,33.11
S0225,2026-01-23,C117,鼠标,外设,2,99.0,paid,线上,华东,星科,45,99,198.0,90,108.0,54.55
S0226,2026-02-02,C021,耳机,音频,2,399.0,paid,线下,华中,声浪,240,399,798.0,480,318.0,39.85
S0227,2026-05-22,C058,显示器,显示设备,2,1234.05,paid,线上,西南,视界,900,1299,2468.1,1800,668.1,27.07
S0228,2026-01-14,C030,投影仪,显示设备,3,2499.0,paid,线上,华南,光影,1800,2499,7497.0,5400,2097.0,27.97
S0229,2026-05-03,C075,机械键盘,外设,2,299.0,paid,线上,华东,雷鸟,180,299,598.0,360,238.0,39.8
S0230,2026-06-17,C077,显示器,显示设备,4,1299.0,paid,线下,华南,视界,900,1299,5196.0,3600,1596.0,30.72
S0231,2026-06-30,C084,鼠标,外设,1,99.0,paid,线上,华南,星科,45,99,99.0,45,54.0,54.55
S0232,2026-01-02,C009,摄像头,外设,2,269.1,paid,线上,华南,视界,150,299,538.2,300,238.2,44.26
S0233,2026-05-01,C051,鼠标,外设,4,94.05,paid,线下,华东,星科,45,99,376.2,180,196.2,52.15
S0234,2026-06-03,C079,鼠标,外设,3,94.05,paid,线下,华中,星科,45,99,282.15,135,147.15,52.15
S0235,2026-02-20,C013,机械键盘,外设,2,299.0,paid,线上,华中,雷鸟,180,299,598.0,360,238.0,39.8
S0237,2026-06-20,C097,鼠标,外设,1,94.05,paid,线上,华北,星科,45,99,94.05,45,49.05,52.15
S0238,2026-02-11,C022,耳机,音频,2,379.05,paid,线下,华东,声浪,240,399,758.1,480,278.1,36.68
S0239,2026-06-24,C047,鼠标,外设,4,89.1,paid,线上,华南,星科,45,99,356.4,180,176.4,49.49
S0240,2026-03-25,C031,显示器,显示设备,2,1299.0,paid,线上,华北,视界,900,1299,2598.0,1800,798.0,30.72
S0241,2026-06-20,C082,摄像头,外设,3,299.0,paid,线上,华北,视界,150,299,897.0,450,447.0,49.83
S0242,2026-06-29,C112,摄像头,外设,4,299.0,paid,线下,华南,视界,150,299,1196.0,600,596.0,49.83
S0243,2026-05-28,C009,鼠标,外设,3,89.1,paid,线下,华南,星科,45,99,267.3,135,132.3,49.49
S0244,2026-01-05,C026,鼠标,外设,3,89.1,paid,线上,华南,星科,45,99,267.3,135,132.3,49.49
S0246,2026-03-15,C035,机械键盘,外设,4,299.0,paid,线上,华北,雷鸟,180,299,1196.0,720,476.0,39.8
S0247,2026-02-26,C081,麦克风,音频,4,359.0,paid,线上,华南,星科,210,359,1436.0,840,596.0,41.5
S0248,2026-06-17,C023,鼠标,外设,2,99.0,paid,线上,华南,星科,45,99,198.0,90,108.0,54.55
S0249,2026-06-09,C004,麦克风,音频,2,359.0,paid,线下,华南,星科,210,359,718.0,420,298.0,41.5
S0251,2026-05-13,C038,显示器,显示设备,3,1299.0,paid,线下,华东,视界,900,1299,3897.0,2700,1197.0,30.72
S0252,2026-01-04,C062,麦克风,音频,4,359.0,paid,线上,西南,星科,210,359,1436.0,840,596.0,41.5
S0253,2026-01-31,C036,显示器,显示设备,3,1234.05,paid,线上,西南,视界,900,1299,3702.15,2700,1002.15,27.07
S0254,2026-05-05,C008,摄像头,外设,2,299.0,paid,线上,华东,视界,150,299,598.0,300,298.0,49.83
S0255,2026-05-20,C120,音箱,音频,2,499.0,paid,线上,华南,声浪,320,499,998.0,640,358.0,35.87
S0256,2026-02-10,C036,摄像头,外设,1,299.0,paid,线上,华东,视界,150,299,299.0,150,149.0,49.83
S0257,2026-06-07,C060,鼠标,外设,3,99.0,paid,线上,华东,星科,45,99,297.0,135,162.0,54.55
S0258,2026-02-20,C106,鼠标,外设,2,89.1,paid,线下,华东,星科,45,99,178.2,90,88.2,49.49
S0259,2026-02-15,C099,鼠标,外设,2,99.0,paid,线下,华中,星科,45,99,198.0,90,108.0,54.55
S0260,2026-06-15,C047,麦克风,音频,3,359.0,paid,线上,华东,星科,210,359,1077.0,630,447.0,41.5
S0261,2026-03-02,C104,鼠标,外设,3,94.05,paid,线下,华南,星科,45,99,282.15,135,147.15,52.15
S0262,2026-01-25,C085,耳机,音频,1,399.0,paid,线下,华东,声浪,240,399,399.0,240,159.0,39.85
S0263,2026-01-10,C100,音箱,音频,4,449.1,paid,线上,华中,声浪,320,499,1796.4,1280,516.4,28.75
S0264,2026-03-02,C104,音箱,音频,1,449.1,paid,线上,华东,声浪,320,499,449.1,320,129.1,28.75
S0265,2026-06-02,C087,鼠标,外设,2,94.05,paid,线上,华东,星科,45,99,188.1,90,98.1,52.15
S0266,2026-01-18,C020,音箱,音频,1,499.0,paid,线下,华东,声浪,320,499,499.0,320,179.0,35.87
S0267,2026-06-01,C059,投影仪,显示设备,1,2499.0,paid,线上,华中,光影,1800,2499,2499.0,1800,699.0,27.97
S0269,2026-05-14,C093,机械键盘,外设,1,299.0,paid,线上,西南,雷鸟,180,299,299.0,180,119.0,39.8
S0270,2026-02-13,C001,摄像头,外设,3,313.95,paid,线下,华东,视界,150,299,941.85,450,491.85,52.22
S0271,2026-04-20,C096,鼠标,外设,1,89.1,paid,线上,华北,星科,45,99,89.1,45,44.1,49.49
S0272,2026-02-14,C103,鼠标,外设,1,99.0,paid,线下,华东,星科,45,99,99.0,45,54.0,54.55
S0273,2026-03-07,C119,机械键盘,外设,4,299.0,paid,线上,华南,雷鸟,180,299,1196.0,720,476.0,39.8
S0274,2026-04-14,C069,投影仪,显示设备,4,2374.05,paid,线下,西南,光影,1800,2499,9496.2,7200,2296.2,24.18
S0275,2026-05-02,C051,投影仪,显示设备,4,2374.05,paid,线下,华东,光影,1800,2499,9496.2,7200,2296.2,24.18
S0276,2026-06-29,C027,鼠标,外设,1,99.0,paid,线上,华东,星科,45,99,99.0,45,54.0,54.55
S0277,2026-05-08,C087,耳机,音频,2,379.05,paid,线上,华东,声浪,240,399,758.1,480,278.1,36.68
S0278,2026-02-06,C110,麦克风,音频,4,359.0,paid,线下,华南,星科,210,359,1436.0,840,596.0,41.5
S0279,2026-03-07,C082,麦克风,音频,1,323.1,paid,线上,华南,星科,210,359,323.1,210,113.1,35.0
S0280,2026-03-25,C103,鼠标,外设,1,99.0,paid,线下,华南,星科,45,99,99.0,45,54.0,54.55
S0281,2026-06-05,C072,鼠标,外设,1,99.0,paid,线上,华东,星科,45,99,99.0,45,54.0,54.55
S0282,2026-04-28,C080,鼠标,外设,2,89.1,paid,线上,华北,星科,45,99,178.2,90,88.2,49.49
S0283,2026-02-20,C109,耳机,音频,4,359.1,paid,线上,西南,声浪,240,399,1436.4,960,476.4,33.17
S0285,2026-05-08,C015,鼠标,外设,1,99.0,paid,线下,华南,星科,45,99,99.0,45,54.0,54.55
S0286,2026-02-03,C061,鼠标,外设,4,89.1,paid,线上,华南,星科,45,99,356.4,180,176.4,49.49
S0287,2026-01-24,C038,机械键盘,外设,2,284.05,paid,线上,华南,雷鸟,180,299,568.1,360,208.1,36.63
S0288,2026-03-17,C109,机械键盘,外设,1,284.05,paid,线下,华南,雷鸟,180,299,284.05,180,104.05,36.63
S0289,2026-05-03,C022,鼠标,外设,1,94.05,paid,线上,华东,星科,45,99,94.05,45,49.05,52.15
S0290,2026-06-18,C079,麦克风,音频,1,376.95,paid,线上,华中,星科,210,359,376.95,210,166.95,44.29
S0291,2026-05-04,C042,音箱,音频,3,449.1,paid,线上,华东,声浪,320,499,1347.3,960,387.3,28.75
S0292,2026-03-30,C030,鼠标,外设,1,99.0,paid,线上,华南,星科,45,99,99.0,45,54.0,54.55
S0294,2026-02-19,C091,音箱,音频,1,499.0,paid,线下,华北,声浪,320,499,499.0,320,179.0,35.87
S0295,2026-06-03,C076,鼠标,外设,3,94.05,paid,线上,华南,星科,45,99,282.15,135,147.15,52.15
S0296,2026-04-09,C068,麦克风,音频,1,359.0,paid,线下,西南,星科,210,359,359.0,210,149.0,41.5
S0298,2026-06-20,C001,鼠标,外设,1,103.95,paid,线上,华东,星科,45,99,103.95,45,58.95,56.71
S0299,2026-05-05,C038,鼠标,外设,2,99.0,paid,线上,华东,星科,45,99,198.0,90,108.0,54.55
S0301,2026-02-17,C073,鼠标,外设,3,99.0,paid,线上,华北,星科,45,99,297.0,135,162.0,54.55
S0302,2026-01-20,C103,显示器,显示设备,4,1169.1,paid,线下,华南,视界,900,1299,4676.4,3600,1076.4,23.02
S0303,2026-02-05,C040,耳机,音频,4,399.0,paid,线下,西南,声浪,240,399,1596.0,960,636.0,39.85
S0304,2026-05-22,C112,摄像头,外设,3,269.1,paid,线上,华东,视界,150,299,807.3,450,357.3,44.26
S0305,2026-03-18,C070,鼠标,外设,1,103.95,paid,线上,华东,星科,45,99,103.95,45,58.95,56.71
S0307,2026-03-14,C089,麦克风,音频,4,359.0,paid,线下,华南,星科,210,359,1436.0,840,596.0,41.5
S0308,2026-03-28,C092,音箱,音频,2,499.0,paid,线上,华中,声浪,320,499,998.0,640,358.0,35.87
S0309,2026-04-15,C074,鼠标,外设,3,99.0,paid,线上,华中,星科,45,99,297.0,135,162.0,54.55
S0311,2026-05-16,C081,耳机,音频,4,379.05,paid,线上,华南,声浪,240,399,1516.2,960,556.2,36.68
S0312,2026-02-01,C042,鼠标,外设,4,103.95,paid,线上,华中,星科,45,99,415.8,180,235.8,56.71
S0313,2026-05-04,C113,显示器,显示设备,4,1299.0,paid,线上,华北,视界,900,1299,5196.0,3600,1596.0,30.72
S0314,2026-02-01,C006,耳机,音频,1,399.0,paid,线上,华中,声浪,240,399,399.0,240,159.0,39.85
S0315,2026-05-29,C054,鼠标,外设,3,103.95,paid,线下,华北,星科,45,99,311.85,135,176.85,56.71
S0317,2026-04-29,C027,耳机,音频,3,359.1,paid,线下,华中,声浪,240,399,1077.3,720,357.3,33.17
S0318,2026-04-05,C072,麦克风,音频,3,323.1,paid,线上,华南,星科,210,359,969.3,630,339.3,35.0
S0319,2026-05-14,C005,麦克风,音频,4,323.1,paid,线下,华中,星科,210,359,1292.4,840,452.4,35.0
S0320,2026-05-26,C034,鼠标,外设,4,99.0,paid,线上,华东,星科,45,99,396.0,180,216.0,54.55
S0321,2026-01-13,C074,耳机,音频,4,399.0,paid,线上,华东,声浪,240,399,1596.0,960,636.0,39.85
S0322,2026-02-07,C085,耳机,音频,3,399.0,paid,线上,华南,声浪,240,399,1197.0,720,477.0,39.85
S0323,2026-06-29,C030,摄像头,外设,2,299.0,paid,线下,华东,视界,150,299,598.0,300,298.0,49.83
S0325,2026-03-12,C098,机械键盘,外设,3,299.0,paid,线上,西南,雷鸟,180,299,897.0,540,357.0,39.8
S0327,2026-01-25,C054,鼠标,外设,2,103.95,paid,线下,华南,星科,45,99,207.9,90,117.9,56.71
S0328,2026-02-05,C066,麦克风,音频,4,341.05,paid,线上,华南,星科,210,359,1364.2,840,524.2,38.43
S0329,2026-06-28,C098,投影仪,显示设备,2,2499.0,paid,线下,华东,光影,1800,2499,4998.0,3600,1398.0,27.97
S0330,2026-04-12,C036,显示器,显示设备,4,1299.0,paid,线下,华北,视界,900,1299,5196.0,3600,1596.0,30.72
S0331,2026-05-05,C057,耳机,音频,1,399.0,paid,线下,华南,声浪,240,399,399.0,240,159.0,39.85
S0332,2026-04-06,C061,机械键盘,外设,4,299.0,paid,线上,华北,雷鸟,180,299,1196.0,720,476.0,39.8
S0333,2026-02-23,C042,机械键盘,外设,4,299.0,paid,线上,华北,雷鸟,180,299,1196.0,720,476.0,39.8
S0335,2026-03-19,C028,耳机,音频,3,399.0,paid,线下,华北,声浪,240,399,1197.0,720,477.0,39.85
S0336,2026-03-19,C117,显示器,显示设备,4,1299.0,paid,线下,华中,视界,900,1299,5196.0,3600,1596.0,30.72
S0337,2026-06-06,C039,鼠标,外设,2,89.1,paid,线上,华南,星科,45,99,178.2,90,88.2,49.49
S0339,2026-03-09,C008,鼠标,外设,1,94.05,paid,线上,华中,星科,45,99,94.05,45,49.05,52.15
S0340,2026-04-17,C050,鼠标,外设,2,103.95,paid,线下,华南,星科,45,99,207.9,90,117.9,56.71
S0341,2026-06-16,C024,鼠标,外设,3,99.0,paid,线上,华东,星科,45,99,297.0,135,162.0,54.55
S0342,2026-06-02,C024,摄像头,外设,4,299.0,paid,线下,华中,视界,150,299,1196.0,600,596.0,49.83
S0343,2026-06-07,C023,显示器,显示设备,3,1299.0,paid,线下,华南,视界,900,1299,3897.0,2700,1197.0,30.72
S0344,2026-04-20,C053,鼠标,外设,1,99.0,paid,线上,华中,星科,45,99,99.0,45,54.0,54.55
S0346,2026-04-03,C078,显示器,显示设备,4,1169.1,paid,线上,华北,视界,900,1299,4676.4,3600,1076.4,23.02
S0347,2026-04-09,C082,音箱,音频,4,523.95,paid,线上,华东,声浪,320,499,2095.8,1280,815.8,38.93
S0348,2026-02-18,C016,耳机,音频,1,359.1,paid,线下,华北,声浪,240,399,359.1,240,119.1,33.17
S0349,2026-03-12,C040,麦克风,音频,1,359.0,paid,线上,华东,星科,210,359,359.0,210,149.0,41.5
S0351,2026-04-25,C109,麦克风,音频,4,359.0,paid,线上,华中,星科,210,359,1436.0,840,596.0,41.5
S0352,2026-06-10,C113,显示器,显示设备,2,1169.1,paid,线上,华东,视界,900,1299,2338.2,1800,538.2,23.02
S0353,2026-01-22,C030,鼠标,外设,3,94.05,paid,线上,华南,星科,45,99,282.15,135,147.15,52.15
S0354,2026-02-24,C002,鼠标,外设,1,99.0,paid,线上,华东,星科,45,99,99.0,45,54.0,54.55
S0355,2026-02-20,C104,机械键盘,外设,3,299.0,paid,线上,西南,雷鸟,180,299,897.0,540,357.0,39.8
S0358,2026-05-17,C011,耳机,音频,4,399.0,paid,线上,华东,声浪,240,399,1596.0,960,636.0,39.85
S0360,2026-05-04,C044,摄像头,外设,1,299.0,paid,线上,华中,视界,150,299,299.0,150,149.0,49.83
S0361,2026-02-20,C065,投影仪,显示设备,1,2499.0,paid,线上,华北,光影,1800,2499,2499.0,1800,699.0,27.97
S0363,2026-01-01,C031,麦克风,音频,3,341.05,paid,线上,华南,星科,210,359,1023.15,630,393.15,38.43
S0364,2026-03-05,C020,鼠标,外设,4,99.0,paid,线下,华北,星科,45,99,396.0,180,216.0,54.55
S0365,2026-01-06,C024,机械键盘,外设,3,284.05,paid,线上,华南,雷鸟,180,299,852.15,540,312.15,36.63
S0366,2026-02-27,C076,鼠标,外设,1,99.0,paid,线上,华东,星科,45,99,99.0,45,54.0,54.55
S0367,2026-01-26,C043,麦克风,音频,3,323.1,paid,线上,华东,星科,210,359,969.3,630,339.3,35.0
S0368,2026-01-05,C074,机械键盘,外设,4,299.0,paid,线下,华东,雷鸟,180,299,1196.0,720,476.0,39.8
S0369,2026-02-02,C043,麦克风,音频,1,359.0,paid,线下,华北,星科,210,359,359.0,210,149.0,41.5
S0370,2026-04-25,C065,机械键盘,外设,3,269.1,paid,线上,华东,雷鸟,180,299,807.3,540,267.3,33.11
S0371,2026-03-03,C113,音箱,音频,4,499.0,paid,线上,西南,声浪,320,499,1996.0,1280,716.0,35.87
S0372,2026-02-10,C116,耳机,音频,1,359.1,paid,线上,华东,声浪,240,399,359.1,240,119.1,33.17
S0373,2026-01-09,C033,音箱,音频,2,499.0,paid,线上,华北,声浪,320,499,998.0,640,358.0,35.87
S0374,2026-02-05,C111,机械键盘,外设,3,299.0,paid,线上,华北,雷鸟,180,299,897.0,540,357.0,39.8
S0376,2026-04-27,C023,机械键盘,外设,4,313.95,paid,线上,华东,雷鸟,180,299,1255.8,720,535.8,42.67
S0377,2026-02-04,C036,鼠标,外设,4,94.05,paid,线上,西南,星科,45,99,376.2,180,196.2,52.15
S0378,2026-06-24,C113,机械键盘,外设,3,299.0,paid,线下,华东,雷鸟,180,299,897.0,540,357.0,39.8
S0380,2026-04-05,C095,音箱,音频,4,449.1,paid,线下,华中,声浪,320,499,1796.4,1280,516.4,28.75
S0381,2026-05-13,C033,机械键盘,外设,4,284.05,paid,线上,华南,雷鸟,180,299,1136.2,720,416.2,36.63
S0382,2026-06-05,C090,耳机,音频,3,359.1,paid,线下,华北,声浪,240,399,1077.3,720,357.3,33.17
S0383,2026-06-06,C071,显示器,显示设备,1,1299.0,paid,线上,华北,视界,900,1299,1299.0,900,399.0,30.72
S0384,2026-03-28,C014,音箱,音频,3,499.0,paid,线下,华中,声浪,320,499,1497.0,960,537.0,35.87
S0385,2026-05-22,C063,鼠标,外设,2,94.05,paid,线上,华中,星科,45,99,188.1,90,98.1,52.15
S0386,2026-01-30,C031,鼠标,外设,3,89.1,paid,线下,华东,星科,45,99,267.3,135,132.3,49.49
S0387,2026-04-10,C010,音箱,音频,4,523.95,paid,线上,西南,声浪,320,499,2095.8,1280,815.8,38.93
S0390,2026-01-09,C090,音箱,音频,3,499.0,paid,线上,西南,声浪,320,499,1497.0,960,537.0,35.87
S0391,2026-02-09,C117,音箱,音频,2,474.05,paid,线上,华中,声浪,320,499,948.1,640,308.1,32.5
S0392,2026-06-29,C017,麦克风,音频,1,359.0,paid,线上,华中,星科,210,359,359.0,210,149.0,41.5
S0393,2026-04-06,C030,显示器,显示设备,1,1363.95,paid,线下,华东,视界,900,1299,1363.95,900,463.95,34.02
S0396,2026-02-04,C080,鼠标,外设,4,99.0,paid,线下,华南,星科,45,99,396.0,180,216.0,54.55
S0397,2026-02-03,C048,鼠标,外设,4,99.0,paid,线下,华中,星科,45,99,396.0,180,216.0,54.55
S0398,2026-02-10,C016,鼠标,外设,4,99.0,paid,线上,华中,星科,45,99,396.0,180,216.0,54.55
S0399,2026-05-21,C116,显示器,显示设备,2,1299.0,paid,线上,华中,视界,900,1299,2598.0,1800,798.0,30.72
S0400,2026-04-18,C043,显示器,显示设备,1,1299.0,paid,线下,华北,视界,900,1299,1299.0,900,399.0,30.72
S0401,2026-03-25,C021,机械键盘,外设,3,299.0,paid,线上,华东,雷鸟,180,299,897.0,540,357.0,39.8
S0402,2026-06-22,C107,麦克风,音频,3,376.95,paid,线上,华东,星科,210,359,1130.85,630,500.85,44.29
S0403,2026-02-28,C039,机械键盘,外设,2,299.0,paid,线上,华南,雷鸟,180,299,598.0,360,238.0,39.8
S0404,2026-04-27,C034,鼠标,外设,1,99.0,paid,线下,华中,星科,45,99,99.0,45,54.0,54.55
S0405,2026-05-25,C081,音箱,音频,4,474.05,paid,线上,华东,声浪,320,499,1896.2,1280,616.2,32.5
S0407,2026-02-11,C096,机械键盘,外设,3,269.1,paid,线下,华北,雷鸟,180,299,807.3,540,267.3,33.11
S0408,2026-02-28,C115,投影仪,显示设备,1,2499.0,paid,线下,华南,光影,1800,2499,2499.0,1800,699.0,27.97
S0409,2026-06-25,C079,耳机,音频,2,418.95,paid,线上,华南,声浪,240,399,837.9,480,357.9,42.71
S0410,2026-06-08,C092,机械键盘,外设,1,299.0,paid,线上,华南,雷鸟,180,299,299.0,180,119.0,39.8
S0411,2026-03-21,C084,机械键盘,外设,3,299.0,paid,线上,西南,雷鸟,180,299,897.0,540,357.0,39.8
S0413,2026-03-08,C016,投影仪,显示设备,1,2623.95,paid,线上,华南,光影,1800,2499,2623.95,1800,823.95,31.4
S0414,2026-04-09,C106,耳机,音频,3,399.0,paid,线上,华中,声浪,240,399,1197.0,720,477.0,39.85
S0416,2026-02-27,C043,机械键盘,外设,1,299.0,paid,线上,华东,雷鸟,180,299,299.0,180,119.0,39.8
S0419,2026-04-18,C087,摄像头,外设,4,299.0,paid,线下,华北,视界,150,299,1196.0,600,596.0,49.83
S0420,2026-03-09,C059,显示器,显示设备,2,1363.95,paid,线下,华北,视界,900,1299,2727.9,1800,927.9,34.02
S0422,2026-04-05,C001,摄像头,外设,1,299.0,paid,线上,华北,视界,150,299,299.0,150,149.0,49.83
S0424,2026-02-27,C046,投影仪,显示设备,3,2374.05,paid,线下,华中,光影,1800,2499,7122.15,5400,1722.15,24.18
S0425,2026-03-18,C106,机械键盘,外设,4,299.0,paid,线上,西南,雷鸟,180,299,1196.0,720,476.0,39.8
S0426,2026-03-12,C119,机械键盘,外设,1,299.0,paid,线上,华东,雷鸟,180,299,299.0,180,119.0,39.8
S0427,2026-05-15,C085,鼠标,外设,2,94.05,paid,线下,华北,星科,45,99,188.1,90,98.1,52.15
S0428,2026-02-24,C103,摄像头,外设,2,284.05,paid,线上,西南,视界,150,299,568.1,300,268.1,47.19
S0429,2026-05-21,C082,机械键盘,外设,1,269.1,paid,线上,华北,雷鸟,180,299,269.1,180,89.1,33.11
S0431,2026-02-13,C111,鼠标,外设,3,89.1,paid,线上,华东,星科,45,99,267.3,135,132.3,49.49
S0432,2026-04-17,C059,显示器,显示设备,4,1299.0,paid,线上,华东,视界,900,1299,5196.0,3600,1596.0,30.72
S0433,2026-06-28,C071,鼠标,外设,2,103.95,paid,线上,华南,星科,45,99,207.9,90,117.9,56.71
S0434,2026-01-16,C019,麦克风,音频,1,359.0,paid,线上,华东,星科,210,359,359.0,210,149.0,41.5
S0435,2026-06-02,C049,耳机,音频,3,379.05,paid,线上,华南,声浪,240,399,1137.15,720,417.15,36.68
S0437,2026-02-02,C038,耳机,音频,1,399.0,paid,线上,华东,声浪,240,399,399.0,240,159.0,39.85
S0438,2026-05-10,C077,鼠标,外设,1,103.95,paid,线上,华中,星科,45,99,103.95,45,58.95,56.71
S0439,2026-06-15,C103,机械键盘,外设,1,269.1,paid,线上,华南,雷鸟,180,299,269.1,180,89.1,33.11
S0440,2026-05-27,C009,鼠标,外设,3,89.1,paid,线上,华东,星科,45,99,267.3,135,132.3,49.49
S0441,2026-03-12,C080,鼠标,外设,4,89.1,paid,线上,华南,星科,45,99,356.4,180,176.4,49.49
S0442,2026-03-19,C093,显示器,显示设备,3,1169.1,paid,线上,华北,视界,900,1299,3507.3,2700,807.3,23.02
S0443,2026-02-09,C080,麦克风,音频,4,323.1,paid,线上,华中,星科,210,359,1292.4,840,452.4,35.0
S0444,2026-01-29,C092,鼠标,外设,4,99.0,paid,线上,华南,星科,45,99,396.0,180,216.0,54.55
S0445,2026-06-17,C066,机械键盘,外设,2,299.0,paid,线上,华东,雷鸟,180,299,598.0,360,238.0,39.8
S0446,2026-02-10,C009,耳机,音频,2,418.95,paid,线下,华南,声浪,240,399,837.9,480,357.9,42.71
S0447,2026-03-27,C053,机械键盘,外设,3,299.0,paid,线上,华南,雷鸟,180,299,897.0,540,357.0,39.8
S0449,2026-01-07,C076,摄像头,外设,4,284.05,paid,线上,华东,视界,150,299,1136.2,600,536.2,47.19
S0450,2026-06-15,C026,鼠标,外设,4,94.05,paid,线上,华南,星科,45,99,376.2,180,196.2,52.15
S0451,2026-06-07,C086,麦克风,音频,3,359.0,paid,线上,华东,星科,210,359,1077.0,630,447.0,41.5
S0452,2026-04-05,C087,摄像头,外设,1,299.0,paid,线上,华南,视界,150,299,299.0,150,149.0,49.83
S0453,2026-04-25,C019,鼠标,外设,3,99.0,paid,线上,华北,星科,45,99,297.0,135,162.0,54.55
S0454,2026-06-05,C010,投影仪,显示设备,1,2249.1,paid,线下,华东,光影,1800,2499,2249.1,1800,449.1,19.97
S0455,2026-01-12,C026,机械键盘,外设,2,284.05,paid,线上,华北,雷鸟,180,299,568.1,360,208.1,36.63
S0456,2026-06-11,C104,鼠标,外设,2,99.0,paid,线上,华南,星科,45,99,198.0,90,108.0,54.55
S0457,2026-05-15,C075,鼠标,外设,1,99.0,paid,线上,华南,星科,45,99,99.0,45,54.0,54.55
S0458,2026-03-15,C080,摄像头,外设,4,269.1,paid,线上,华南,视界,150,299,1076.4,600,476.4,44.26
S0459,2026-03-05,C053,鼠标,外设,4,99.0,paid,线上,华南,星科,45,99,396.0,180,216.0,54.55
S0460,2026-02-25,C073,鼠标,外设,3,99.0,paid,线上,华北,星科,45,99,297.0,135,162.0,54.55
S0461,2026-03-10,C105,鼠标,外设,4,99.0,paid,线上,华南,星科,45,99,396.0,180,216.0,54.55
S0462,2026-01-30,C050,鼠标,外设,4,99.0,paid,线上,华北,星科,45,99,396.0,180,216.0,54.55
S0463,2026-01-30,C056,耳机,音频,1,399.0,paid,线上,华东,声浪,240,399,399.0,240,159.0,39.85
S0464,2026-03-17,C003,鼠标,外设,2,99.0,paid,线上,华南,星科,45,99,198.0,90,108.0,54.55
S0465,2026-01-16,C005,耳机,音频,2,379.05,paid,线上,华中,声浪,240,399,758.1,480,278.1,36.68
S0466,2026-02-10,C104,显示器,显示设备,1,1299.0,paid,线上,华南,视界,900,1299,1299.0,900,399.0,30.72
S0467,2026-02-08,C043,麦克风,音频,3,359.0,paid,线上,华北,星科,210,359,1077.0,630,447.0,41.5
S0469,2026-06-01,C070,耳机,音频,1,399.0,paid,线上,西南,声浪,240,399,399.0,240,159.0,39.85
S0470,2026-02-04,C059,音箱,音频,1,499.0,paid,线上,华东,声浪,320,499,499.0,320,179.0,35.87
S0471,2026-01-05,C076,鼠标,外设,1,94.05,paid,线上,华南,星科,45,99,94.05,45,49.05,52.15
S0472,2026-01-23,C038,音箱,音频,2,449.1,paid,线上,华东,声浪,320,499,898.2,640,258.2,28.75
S0474,2026-06-21,C052,显示器,显示设备,4,1234.05,paid,线上,华南,视界,900,1299,4936.2,3600,1336.2,27.07
S0475,2026-06-21,C118,摄像头,外设,1,313.95,paid,线上,华南,视界,150,299,313.95,150,163.95,52.22
S0477,2026-03-10,C070,耳机,音频,2,379.05,paid,线上,西南,声浪,240,399,758.1,480,278.1,36.68
S0478,2026-06-13,C111,麦克风,音频,1,376.95,paid,线上,西南,星科,210,359,376.95,210,166.95,44.29
S0479,2026-04-23,C051,耳机,音频,1,399.0,paid,线上,华南,声浪,240,399,399.0,240,159.0,39.85
S0480,2026-04-10,C042,鼠标,外设,3,103.95,paid,线上,华南,星科,45,99,311.85,135,176.85,56.71
S0482,2026-06-26,C041,鼠标,外设,3,89.1,paid,线上,华东,星科,45,99,267.3,135,132.3,49.49
S0483,2026-02-15,C075,鼠标,外设,3,99.0,paid,线下,华南,星科,45,99,297.0,135,162.0,54.55
S0484,2026-05-23,C002,鼠标,外设,2,103.95,paid,线上,华东,星科,45,99,207.9,90,117.9,56.71
S0485,2026-04-07,C097,耳机,音频,1,379.05,paid,线上,西南,声浪,240,399,379.05,240,139.05,36.68
S0486,2026-03-06,C009,耳机,音频,1,399.0,paid,线上,西南,声浪,240,399,399.0,240,159.0,39.85
S0487,2026-06-22,C100,机械键盘,外设,3,284.05,paid,线上,华南,雷鸟,180,299,852.15,540,312.15,36.63
S0488,2026-01-24,C080,鼠标,外设,4,99.0,paid,线下,华南,星科,45,99,396.0,180,216.0,54.55
S0489,2026-03-28,C049,鼠标,外设,4,99.0,paid,线上,华中,星科,45,99,396.0,180,216.0,54.55
S0490,2026-03-23,C108,耳机,音频,1,359.1,paid,线下,西南,声浪,240,399,359.1,240,119.1,33.17
S0491,2026-02-17,C072,机械键盘,外设,2,299.0,paid,线上,华北,雷鸟,180,299,598.0,360,238.0,39.8
S0492,2026-04-04,C012,鼠标,外设,2,89.1,paid,线上,西南,星科,45,99,178.2,90,88.2,49.49
S0493,2026-01-18,C026,耳机,音频,1,399.0,paid,线上,华北,声浪,240,399,399.0,240,159.0,39.85
S0494,2026-05-01,C062,机械键盘,外设,1,313.95,paid,线上,华中,雷鸟,180,299,313.95,180,133.95,42.67
S0495,2026-02-22,C084,机械键盘,外设,1,284.05,paid,线上,华东,雷鸟,180,299,284.05,180,104.05,36.63
S0496,2026-01-10,C058,耳机,音频,2,359.1,paid,线上,华中,声浪,240,399,718.2,480,238.2,33.17
S0497,2026-02-20,C120,耳机,音频,3,399.0,paid,线上,西南,声浪,240,399,1197.0,720,477.0,39.85
S0498,2026-01-07,C034,显示器,显示设备,4,1299.0,paid,线上,华东,视界,900,1299,5196.0,3600,1596.0,30.72
S0500,2026-02-06,C060,鼠标,外设,4,99.0,paid,线上,华中,星科,45,99,396.0,180,216.0,54.55
